building,mean,min,max,total
Admin,49.98329301075269,20.04,79.9,37187.57
Hostel,74.81377688172043,30.27,119.85,55661.45
Library,37.801733870967745,15.09,59.99,28124.49
